{"cameraMode":{"drawMode":0,"name":"Shaded","section":"Shading Mode"},"sceneLighting":false,"audioPlay":false,"sceneViewState":{"m_AlwaysRefresh":false,"showFog":true,"showSkybox":false,"showFlares":true,"showImageEffects":true,"showParticleSystems":true,"showVisualEffectGraphs":true,"m_FxEnabled":true},"in2DMode":false,"pivot":{"x":40.90998458862305,"y":11.30472183227539,"z":74.18390655517578},"rotation":{"x":-0.28296634554862978,"y":-0.09388774633407593,"z":0.027845965698361398,"w":-0.954121470451355},"size":0.46053633093833926,"orthographic":false}